bca_id,first_name,middle_name,last_name,bca_contact_no,bca_email_id,bc_point_name,transaction_module,village,location,district,state,pin,landmark,bca_bank,bca_bank_branch,bc_point_address,abe_name,abm_name,rm_name,zm_name
BC001,John,KH,Doe,9857646445,john.doe@example.com,Point A,android,Village1,Location1,District1,State1,123456,Near School,ABC Bank,Branch A,Address 1,Alice,Bob,Charlie,David
BC002,Jane,JG,Smith,9584756483,jane.smith@example.com,Point B,kiosk,Village2,Location2,District2,State2,654321,Near Park,XYZ Bank,Branch B,Address 2,Emma,Frank,Grace,Hannah
BC003,Michael,,Johnson,9409589849,michael.johnson@example.com,Point C,terminal,Village3,Location3,District3,State3,789012,Near Mall,LMN Bank,Branch C,Address 3,Oliver,Paul,Quinn,Rachel
BC004,Emily,,Davis,7846748475,emily.davis@example.com,Point D,ios,Village4,Location4,District4,State4,345678,Near Hospital,DEF Bank,Branch D,Address 4,Sophia,Tom,Uma,Victor
BC005,Daniel,GH,Brown,9857646445,daniel.brown@example.com,Point E,android,Village5,Location5,District5,State5,876543,Near Library,GHI Bank,Branch E,Address 5,William,Xander,Yara,Zoe
BC006,Olivia,,Wilson,9584756483,olivia.wilson@example.com,Point F,kiosk,Village6,Location6,District6,State6,543210,Near Cinema,JKL Bank,Branch F,Address 6,Abigail,Benjamin,Chloe,Dylan
BC007,James,RT,Moore,9409589849,james.moore@example.com,Point G,terminal,Village7,Location7,District7,State7,210987,Near Bridge,MNO Bank,Branch G,Address 7,Ethan,Fiona,Gabriel,Hannah
BC008,Isabella,,Taylor,7846748475,isabella.taylor@example.com,Point H,ios,Village8,Location8,District8,State8,98765,Near Stadium,PQR Bank,Branch H,Address 8,Jacob,Kate,Liam,Monica
BC009,Lucas,,Anderson,9857646445,lucas.anderson@example.com,Point I,android,Village9,Location9,District9,State9,456789,Near Temple,STU Bank,Branch I,Address 9,Noah,Olivia,Patrick,Quinn
BC010,Charlotte,VG,Martinez,9584756483,charlotte.martinez@example.com,Point J,kiosk,Village10,Location10,District10,State10,567890,Near Lake,VWX Bank,Branch J,Address 10,Ryan,Stella,Tyler,Uma
BC011,Henry,FR,Thomas,9409589849,henry.thomas@example.com,Point K,terminal,Village11,Location11,District11,State11,678901,Near Factory,YZA Bank,Branch K,Address 11,Victoria,William,Xander,Yara
BC012,Amelia,,Harris,7846748475,amelia.harris@example.com,Point L,ios,Village12,Location12,District12,State12,789012,Near Church,BCD Bank,Branch L,Address 12,Zachary,Anna,Brandon,Chris
BC013,Benjamin,,Clark,9857646445,benjamin.clark@example.com,Point M,android,Village13,Location13,District13,State13,890123,Near Post Office,EFG Bank,Branch M,Address 13,Diana,Eric,Freya,George
BC014,Sophia,RE,Lewis,9584756483,sophia.lewis@example.com,Point N,kiosk,Village14,Location14,District14,State14,901234,Near School,HJI Bank,Branch N,Address 14,Henry,Isabella,Jack,Karen
BC015,Alexander,DE,Walker,9409589849,alexander.walker@example.com,Point O,terminal,Village15,Location15,District15,State15,12345,Near Market,JKL Bank,Branch O,Address 15,Liam,Mia,Noah,Olivia
BC016,Evelyn,,Young,7846748475,evelyn.young@example.com,Point P,ios,Village16,Location16,District16,State16,123456,Near University,LMN Bank,Branch P,Address 16,Paul,Quinn,Rachel,Sam
BC017,Jack,SE,Robinson,9857646445,jack.robinson@example.com,Point Q,android,Village17,Location17,District17,State17,234567,Near Hotel,NOP Bank,Branch Q,Address 17,Tina,Uma,Victor,Will
BC018,Harper,,Walker,9584756483,harper.walker@example.com,Point R,kiosk,Village18,Location18,District18,State18,345678,Near Bus Stop,OPQ Bank,Branch R,Address 18,Xander,Yara,Zoe,Adam
BC019,Jackson,SO,Lewis,9409589849,jackson.lewis@example.com,Point S,terminal,Village19,Location19,District19,State19,456789,Near Park,RST Bank,Branch S,Address 19,Bella,Chloe,Dylan,Emily
BC020,Grace,YP,White,7846748475,grace.white@example.com,Point T,ios,Village20,Location20,District20,State20,567890,Near Gas Station,UVW Bank,Branch T,Address 20,Fiona,Gabriel,Hannah,Jack
